<assembly
	xmlns="http://maven.apache.org/plugins/maven-assembly-plugin/assembly/1.1.0"
	xmlns:xsi="http://www.w3.org/2001/XMLSchema-instance"
	xsi:schemaLocation="http://maven.apache.org/plugins/maven-assembly-plugin/assembly/1.1.0 http://maven.apache.org/xsd/assembly-1.1.0.xsd">
	<id>webapp</id>
	<formats>
		<format>zip</format>
	</formats>
	<fileSets>
		<fileSet>
			<directory>${project.basedir}/src/main/java</directory>
			<outputDirectory>/${project.artifactId}/src</outputDirectory>
		</fileSet>
		<fileSet>
			<directory>${project.basedir}/src/main/webapp</directory>
			<outputDirectory>/${project.artifactId}/WebContent</outputDirectory>
		</fileSet>
	</fileSets>
	<files>
		<file>
			<source>${project.build.directory}/${project.artifactId}.war</source>
			<outputDirectory>/</outputDirectory>
		</file>
	</files>
</assembly>
